t(s),N2,NH3,H2
0.00000000e+00,2.50000000e-01,0.00000000e+00,7.50000000e-01
4.00000000e+00,2.35255875e-01,5.74193186e-02,7.07324806e-01
