t(s),N2,NH3,H2
0.00000000e+00,0.00000000e+00,0.00000000e+00,0.00000000e+00
4.00000000e+00,-3.66323769e-10,7.26890652e-10,-1.12201713e-09
