t(s),N2,NH3,H2
0.00000000e+00,8.22441430e-01,0.00000000e+00,1.77558570e-01
4.00000000e+00,7.32738110e-01,1.08725487e-01,1.58541366e-01
