t(s),Temperature,Pressure,Density,Mass,Volume,IntEnergy,mdot_in,mdot_out,mdot_surf,mdot
0.00000000e+00,9.00000000e+02,1.01325000e+05,1.15305513e-01,1.15305513e-07,1.00000000e-06,3.42765243e+060.00000000e+00,0.00000000e+00,0.00000000e+00,4.63557094e-310,
4.00000000e+00,9.00000000e+02,6.53267940e+04,7.85202137e-02,7.85202137e-08,1.00000000e-06,2.77831524e+06-1.15305513e-07,-1.14945650e-07,-1.44505898e-10,2.15357126e-10,
