t(s),N2(T),N(T),H(T),NH3(T),NH2(T),NH(T),RU(T),N2(S),N(S),H(S),NH3(S),NH2(S),NH(S),RU(S)
0.00000000e+00,3.42008467e-01,0.00000000e+00,7.49646438e+00,0.00000000e+00,0.00000000e+00,0.00000000e+00,-7.83847285e+00,6.97976463e-03,0.00000000e+00,3.12222590e-03,0.00000000e+00,0.00000000e+00,0.00000000e+00,-1.01019905e-02
4.00000000e+00,-5.40773590e-09,-3.78914233e-06,-3.88701688e-06,5.56667577e-11,8.71741727e-08,3.71275937e-06,3.88157773e-06,-8.16436535e-08,9.43139291e-08,-8.59148834e-08,5.24182999e-11,1.68388161e-08,5.20827577e-08,4.27061565e-09
