t(s),N2(T),N(T),H(T),NH3(T),NH2(T),NH(T),RU(T),N2(S),N(S),H(S),NH3(S),NH2(S),NH(S),RU(S)
0.00000000e+00,0.00000000e+00,0.00000000e+00,0.00000000e+00,0.00000000e+00,0.00000000e+00,0.00000000e+00,1.00000000e+00,0.00000000e+00,0.00000000e+00,0.00000000e+00,0.00000000e+00,0.00000000e+00,0.00000000e+00,1.00000000e+00
4.00000000e+00,1.36886293e-06,8.47614311e-01,7.94931231e-02,2.26666420e-07,1.03694273e-06,1.18575946e-02,6.10323395e-02,3.20326218e-07,8.36173525e-01,8.87784427e-02,5.89267212e-06,2.48830064e-03,4.39326644e-03,6.81601830e-02
